<?xml version="1.0" encoding="UTF-8"?>
<suppressions xmlns="https://jeremylong.github.io/DependencyCheck/dependency-suppression.1.3.xsd">
<suppress>
   <notes><![CDATA[
   file name: hibernate-validator-6.0.18.Final.jar
   ]]></notes>
   <packageUrl regex="true">^pkg:maven/org\.hibernate\.validator/hibernate\-validator@.*$</packageUrl>
   <cve>CVE-2020-10693</cve>
</suppress>
<suppress>
   <notes><![CDATA[
   file name: jackson-core-2.10.2.jar
   ]]></notes>
   <packageUrl regex="true">^pkg:maven/com\.fasterxml\.jackson\.core/jackson\-core@.*$</packageUrl>
   <cpe>cpe:/a:fasterxml:jackson-modules-java8</cpe>
</suppress>
<suppress>
   <notes><![CDATA[
   file name: jackson-databind-2.10.2.jar
   ]]></notes>
   <packageUrl regex="true">^pkg:maven/com\.fasterxml\.jackson\.core/jackson\-databind@.*$</packageUrl>
   <cve>CVE-2020-25649</cve>
</suppress>
<suppress>
   <notes><![CDATA[
   file name: jakarta.annotation-api-1.3.5.jar
   ]]></notes>
   <packageUrl regex="true">^pkg:maven/jakarta\.annotation/jakarta\.annotation\-api@.*$</packageUrl>
   <cpe>cpe:/a:oracle:projects</cpe>
</suppress>
<suppress>
   <notes><![CDATA[
   file name: json-path-2.4.0.jar
   ]]></notes>
   <packageUrl regex="true">^pkg:maven/com\.jayway\.jsonpath/json\-path@.*$</packageUrl>
   <vulnerabilityName>CVE-2023-51074</vulnerabilityName>
</suppress>
<suppress>
   <notes><![CDATA[
   file name: json-smart-2.3.jar
   ]]></notes>
   <packageUrl regex="true">^pkg:maven/net\.minidev/json\-smart@.*$</packageUrl>
   <vulnerabilityName>CVE-2021-31684</vulnerabilityName>
</suppress>
<suppress>
   <notes><![CDATA[
   file name: log4j-api-2.12.1.jar
   ]]></notes>
   <packageUrl regex="true">^pkg:maven/org\.apache\.logging\.log4j/log4j\-api@.*$</packageUrl>
   <cve>CVE-2020-9488</cve>
</suppress>
<suppress>
   <notes><![CDATA[
   file name: logback-core-1.2.3.jar
   ]]></notes>
   <packageUrl regex="true">^pkg:maven/ch\.qos\.logback/logback\-core@.*$</packageUrl>
   <cve>CVE-2023-6378</cve>
</suppress>
<suppress>
   <notes><![CDATA[
   file name: snakeyaml-1.25.jar
   ]]></notes>
   <packageUrl regex="true">^pkg:maven/org\.yaml/snakeyaml@.*$</packageUrl>
   <cve>CVE-2022-1471</cve>
</suppress>
<suppress>
   <notes><![CDATA[
   file name: spring-boot-2.2.4.RELEASE.jar
   ]]></notes>
   <packageUrl regex="true">^pkg:maven/org\.springframework\.boot/spring\-boot@.*$</packageUrl>
   <cve>CVE-2023-20873</cve>
</suppress>
<suppress>
   <notes><![CDATA[
   file name: tomcat-embed-websocket-9.0.30.jar
   ]]></notes>
   <packageUrl regex="true">^pkg:maven/org\.apache\.tomcat\.embed/tomcat\-embed\-websocket@.*$</packageUrl>
   <cve>CVE-2020-1938</cve>
</suppress>
<suppress>
   <notes><![CDATA[
   file name: tomcat-embed-core-9.0.30.jar
   ]]></notes>
   <packageUrl regex="true">^pkg:maven/org\.apache\.tomcat\.embed/tomcat\-embed\-core@.*$</packageUrl>
   <cve>CVE-2020-1938</cve>
</suppress>
<suppress>
   <notes><![CDATA[
   file name: spring-webmvc-5.2.3.RELEASE.jar
   ]]></notes>
   <packageUrl regex="true">^pkg:maven/org\.springframework/spring\-webmvc@.*$</packageUrl>
   <cve>CVE-2022-22965</cve>
</suppress>
<suppress>
   <notes><![CDATA[
   file name: spring-web-5.2.3.RELEASE.jar
   ]]></notes>
   <packageUrl regex="true">^pkg:maven/org\.springframework/spring\-web@.*$</packageUrl>
   <cve>CVE-2016-1000027</cve>
</suppress>
<suppress>
   <notes><![CDATA[
   file name: spring-hateoas-1.0.3.RELEASE.jar
   ]]></notes>
   <packageUrl regex="true">^pkg:maven/org\.springframework\.hateoas/spring\-hateoas@.*$</packageUrl>
   <cve>CVE-2023-34036</cve>
</suppress>
<suppress>
   <notes><![CDATA[
   file name: spring-data-rest-webmvc-3.2.4.RELEASE.jar
   ]]></notes>
   <packageUrl regex="true">^pkg:maven/org\.springframework\.data/spring\-data\-rest\-webmvc@.*$</packageUrl>
   <vulnerabilityName>CVE-2021-22047</vulnerabilityName>
</suppress>
<suppress>
   <notes><![CDATA[
   file name: spring-data-rest-core-3.2.4.RELEASE.jar
   ]]></notes>
   <packageUrl regex="true">^pkg:maven/org\.springframework\.data/spring\-data\-rest\-core@.*$</packageUrl>
   <cpe>cpe:/a:pivotal_software:spring_data_rest</cpe>
</suppress>
<suppress>
   <notes><![CDATA[
   file name: spring-data-rest-core-3.2.4.RELEASE.jar
   ]]></notes>
   <packageUrl regex="true">^pkg:maven/org\.springframework\.data/spring\-data\-rest\-core@.*$</packageUrl>
   <cpe>cpe:/a:vmware:spring_data_rest</cpe>
</suppress>
<suppress>
   <notes><![CDATA[
   file name: spring-data-commons-2.2.4.RELEASE.jar
   ]]></notes>
   <packageUrl regex="true">^pkg:maven/org\.springframework\.data/spring\-data\-commons@.*$</packageUrl>
   <cpe>cpe:/a:pivotal_software:spring_data_commons</cpe>
</suppress>
<suppress>
   <notes><![CDATA[
   file name: spring-core-5.2.3.RELEASE.jar
   ]]></notes>
   <packageUrl regex="true">^pkg:maven/org\.springframework/spring\-core@.*$</packageUrl>
   <cve>CVE-2022-22965</cve>
</suppress>
<suppress>
   <notes><![CDATA[
   file name: spring-boot-starter-web-2.2.4.RELEASE.jar
   ]]></notes>
   <packageUrl regex="true">^pkg:maven/org\.springframework\.boot/spring\-boot\-starter\-web@.*$</packageUrl>
   <cve>CVE-2023-20873</cve>
</suppress>
</suppressions>